,Argmax_Model_Accuracy,Argmax_True_Accuracy,Random_Model_Accuracy,Random_True_Accuracy,Upwards_Model_Accuracy,Upwards_True_Accuracy,altUpwards_Model_Accuracy,altUpwards_True_Accuracy,mean_uniqueness_model,mean_valids_model,mean_valids_uniques_model,mean_uniqueness_true,mean_valids_true,mean_valids_uniques_true,altmean_uniqueness_model,altmean_valids_model,altmean_valids_uniques_model,altmean_uniqueness_true,altmean_valids_true,altmean_valids_uniques_true
0,0.8,0.8,0.0,0.0,0.3,0.3,0.5,1.0,0.5000000000000001,0.1,0.10833333333333332,0.74,0.3,0.22000000000000003,0.6799999999999999,0.72,0.6933333333333332,0.4600000000000001,0.8600000000000001,0.8833333333333332
0,0.9,0.9,0.0,0.0,0.3,0.6,0.7,0.9,0.5200000000000001,0.27999999999999997,0.2833333333333333,0.7,0.4,0.3083333333333333,0.68,0.6,0.5266666666666666,0.52,0.82,0.8550000000000001
0,0.3,0.9,0.0,0.0,0.0,0.4,0.5,0.8,0.5,0.12000000000000002,0.16666666666666666,0.76,0.32,0.29500000000000004,0.76,0.36,0.38,0.5000000000000001,0.86,0.875
0,0.6,0.7,0.0,0.0,0.1,0.1,0.4,0.9,0.4800000000000001,0.12,0.16666666666666666,0.72,0.32,0.24833333333333335,0.7999999999999999,0.4800000000000001,0.49000000000000005,0.54,0.8800000000000001,0.885
0,1.0,0.7,0.0,0.0,0.0,0.3,0.6,0.9,0.6,0.16,0.175,0.8,0.24,0.22000000000000003,0.74,0.6199999999999999,0.5266666666666666,0.5200000000000001,0.8600000000000001,0.8416666666666666
