,Argmax_Model_Accuracy,Argmax_True_Accuracy,Random_Model_Accuracy,Random_True_Accuracy,Upwards_Model_Accuracy,Upwards_True_Accuracy,altUpwards_Model_Accuracy,altUpwards_True_Accuracy,mean_uniqueness_model,mean_valids_model,mean_valids_uniques_model,mean_uniqueness_true,mean_valids_true,mean_valids_uniques_true,altmean_uniqueness_model,altmean_valids_model,altmean_valids_uniques_model,altmean_uniqueness_true,altmean_valids_true,altmean_valids_uniques_true
0,0.90625,0.828125,0.015625,0.0,0.15625,0.34375,0.484375,0.859375,0.51875,0.165625,0.16953124999999997,0.640625,0.44062500000000004,0.41041666666666665,0.771875,0.528125,0.48463541666666665,0.5531250000000001,0.884375,0.8791666666666667
0,0.640625,0.921875,0.0,0.015625,0.109375,0.359375,0.5,0.828125,0.515625,0.13124999999999998,0.11822916666666666,0.65,0.37812500000000004,0.34010416666666665,0.778125,0.50625,0.45390625,0.5687500000000001,0.828125,0.8296875
0,0.703125,0.859375,0.0,0.0,0.1875,0.28125,0.484375,0.765625,0.55625,0.19687500000000002,0.18046874999999998,0.65,0.409375,0.3768229166666667,0.796875,0.475,0.4541666666666667,0.5437500000000001,0.84375,0.8315104166666667
